time,euler_energy,euler_energy_drift,euler_separation_drift,verlet_energy,verlet_energy_drift,verlet_separation_drift
0,-0.4999995,0,0,-0.4999995,0,0
0.1,-0.499799525568,0.000399949264187,0.000100988752306,-0.4999995,1.98730120138e-14,1.99666581047e-08
0.2,-0.499599604234,0.000799792333396,0.000207924754826,-0.4999995,8.04912497765e-14,7.94679613225e-08
0.3,-0.499399743963,0.00119951327349,0.000326651479428,-0.4999995,1.80300399499e-13,1.77315855998e-07
0.4,-0.499199957873,0.0015990858543,0.000462771023785,-0.4999995,3.15969788778e-13,3.1155662783e-07
0.5,-0.499000263947,0.00199847410566,0.000621531470015,-0.4999995,4.8361363314e-13,4.79509914442e-07
0.6,-0.49880068466,0.00239763307898,0.000807721165276,-0.4999995,6.82232730864e-13,6.77822223238e-07
0.7,-0.498601246498,0.00279650980089,0.00102557218504,-0.4999995,9.04388580248e-13,9.02533894287e-07
0.8,-0.498401979398,0.00319504440048,0.00127867507251,-0.4999995,1.15141345025e-12,1.14915816218e-06
0.9,-0.498202916104,0.00359317138615,0.00156990672157,-0.4999995,1.41697906331e-12,1.41277074484e-06
1,-0.498004091474,0.00399082104432,0.00190137299048,-0.4999995,1.6918705591e-12,1.68810816614e-06
1.1,-0.49780554173,0.00438792092794,0.0022743673049,-0.499999499999,1.97331237728e-12,1.96967285371e-06
1.2,-0.497607303693,0.00478439740014,0.00268934614193,-0.499999499999,2.25542032994e-12,2.25184290548e-06
1.3,-0.497409413992,0.00518017719681,0.00314592189202,-0.499999499999,2.53264329642e-12,2.52898434172e-06
1.4,-0.497211908302,0.00557518897122,0.00364287318609,-0.499999499999,2.79943015602e-12,2.79556359795e-06
1.5,-0.497014820593,0.00596936478443,0.00417817236416,-0.499999499999,3.04911956395e-12,3.04625800807e-06
1.6,-0.496818182428,0.00636264150758,0.00474902936329,-0.499999499999,3.27860289262e-12,3.27606207828e-06
1.7,-0.496622022326,0.00675496210454,0.00535195092929,-0.499999499999,3.48377231274e-12,3.48038742981e-06
1.8,-0.49642636519,0.007146276768,0.00598281372031,-0.499999499999,3.65763341226e-12,3.65515440759e-06
1.9,-0.496231231826,0.00753654388616,0.00663694958049,-0.499999499998,3.800408236e-12,3.7968735398e-06
2,-0.496036638552,0.00792573082289,0.00730924102605,-0.499999499998,3.90687873053e-12,3.9027152019e-06
2.1,-0.495842596908,0.00831381449907,0.00799422480851,-0.499999499998,3.97671182861e-12,3.97056611701e-06
2.2,-0.495649113466,0.00870078176876,0.00868620130231,-0.499999499998,4.00435640957e-12,3.99907154702e-06
2.3,-0.495456189749,0.00908662958865,0.00937934740667,-0.499999499998,3.99247701133e-12,3.98766234166e-06
2.4,-0.495263822244,0.00947136498435,0.0100678306503,-0.499999499998,3.94062954423e-12,3.93656630115e-06
2.5,-0.495072002517,0.00985500482103,0.0107459222384,-0.499999499998,3.85170059103e-12,3.84680362986e-06
2.6,-0.494880717424,0.01023757539,0.0114081068776,-0.499999499999,3.72580117414e-12,3.72016656436e-06
2.7,-0.494689949397,0.0106191118254,0.0120491873499,-0.499999499999,3.56537378665e-12,3.55918359252e-06
2.8,-0.494499676816,0.0109996573674,0.0126643819712,-0.499999499999,3.37352705615e-12,3.36706896853e-06
2.9,-0.494309874444,0.0113792624914,0.0132494132633,-0.499999499999,3.1524814309e-12,3.14765853959e-06
3,-0.494120513919,0.0117579839206,0.01380058637,-0.499999499999,2.90967541261e-12,2.9053331585e-06
3.1,-0.493931564296,0.0121358835446,0.0143148559729,-0.499999499999,2.64999398747e-12,2.64493121405e-06
3.2,-0.493742992626,0.0125130272622,0.0147898806824,-0.499999499999,2.37587964858e-12,2.3716520301e-06
3.3,-0.49355476456,0.0128894837699,0.0152240641087,-0.499999499999,2.09521498729e-12,2.09095205239e-06
3.4,-0.493366844975,0.0132653233168,0.0156165820463,-0.499999499999,1.81388419152e-12,1.80843590369e-06
3.5,-0.493179198599,0.0136406164438,0.0159673954288,-0.4999995,1.53666122504e-12,1.52974447909e-06
3.6,-0.492991790644,0.0140154327284,0.0162772489356,-0.4999995,1.26809800682e-12,1.26044231563e-06
3.7,-0.492804587418,0.0143898395538,0.0165476553506,-0.4999995,1.01296850064e-12,1.00590648677e-06
3.8,-0.492617556923,0.0147639009196,0.0167808659884,-0.4999995,7.7893325301e-13,7.71219240692e-07
3.9,-0.492430669412,0.0151376763142,0.0169798277177,-0.4999995,5.69656003591e-13,5.61066519689e-07
4,-0.492243897923,0.0155112196651,0.0171481273193,-0.4999995,3.87357200649e-13,3.79644396808e-07
4.1,-0.49205721875,0.0158845783847,0.017289924119,-0.4999995,2.39031256233e-13,2.30575293081e-07
4.2,-0.491870611865,0.0162577925289,0.0174098720374,-0.4999995,1.23901013449e-13,1.16835643826e-07
4.3,-0.491684061275,0.0166308940819,0.0175130323824,-0.4999995,4.70735033176e-14,4.0696471304e-08
4.4,-0.49149755531,0.017003906384,0.0176047788947,-0.4999995,1.0769174108e-14,3.67803498769e-09
4.5,-0.491311086833,0.0173768437124,0.0176906967143,-0.4999995,1.28785999642e-14,6.51947629215e-09
4.6,-0.491124653362,0.0177497110274,0.0177764770821,-0.4999995,5.57332515694e-14,4.91640610445e-08
4.7,-0.490938257116,0.0181225038915,0.0178678097054,-0.4999995,1.37667792721e-13,1.30760309913e-07
4.8,-0.490751904965,0.0184952085662,0.0179702748061,-0.4999995,2.56350752737e-13,2.49679003472e-07
4.9,-0.49056560829,0.0188678022884,0.0180892369179,-0.4999995,4.1067190748e-13,4.03545711958e-07
5,-0.490379382758,0.0192402537246,0.0182297425095,-0.4999995,5.97411606962e-13,5.89288205788e-07
5.1,-0.490193248008,0.0196125235969,0.018396423477,-0.4999995,8.10019528785e-13,8.0319780138e-07
5.2,-0.490007227258,0.0199845654702,0.0185934084618,-0.4999995,1.04849567295e-12,1.04100341325e-06
5.3,-0.489821346835,0.0203563266863,0.01882424382,-0.4999995,1.30362517914e-12,1.29795683623e-06
5.4,-0.489635635651,0.0207277494271,0.0190918258894,-0.4999995,1.57518600252e-12,1.56892755343e-06
5.5,-0.489450124608,0.0210987718837,0.0193983459703,-0.499999499999,1.8557396414e-12,1.8485051767e-06
5.6,-0.489264845981,0.0214693295079,0.0197452491731,-0.499999499999,2.13829168372e-12,2.13110747449e-06
5.7,-0.489079832762,0.0218393563168,0.0201332079823,-0.499999499999,2.41629180708e-12,2.41109183352e-06
5.8,-0.488895117993,0.0222087862226,0.0205621110625,-0.499999499999,2.68718649599e-12,2.68286792071e-06
5.9,-0.488710734111,0.0225775543573,0.0210310674885,-0.499999499999,2.94564667458e-12,2.94100930387e-06
6,-0.488526712292,0.0229455983624,0.021538426238,-0.499999499999,3.18545508771e-12,3.18036179614e-06
6.1,-0.488343081849,0.0233128596163,0.0220818104448,-0.499999499999,3.40006141297e-12,3.39614636635e-06
6.2,-0.488159869654,0.0236792843713,0.0226581655887,-0.499999499999,3.58935462797e-12,3.58405455936e-06
6.3,-0.487977099633,0.0240448247789,0.0232638205008,-0.499999499999,3.74678441029e-12,3.74033451611e-06
6.4,-0.487794792314,0.0244094397814,0.0238945598059,-0.499999499998,3.86757679616e-12,3.86186588419e-06
6.5,-0.487612964459,0.024773095855,0.0245457062028,-0.499999499998,3.95228689765e-12,3.94622211841e-06
6.6,-0.487431628772,0.0251357675926,0.0252122108113,-0.499999499998,3.9963627958e-12,3.99171892962e-06
6.7,-0.48725079369,0.0254974381172,0.0258887496919,-0.499999499998,4.00402334233e-12,3.99744791091e-06
6.8,-0.487070463267,0.0258580993255,0.0265698245729,-0.499999499998,3.96860719243e-12,3.96329467489e-06
6.9,-0.48689063713,0.0262177519585,0.0272498657881,-0.499999499998,3.89411115298e-12,3.88994113876e-06
7,-0.486711310535,0.0265764055075,0.0279233354541,-0.499999499998,3.78342180674e-12,3.77885190694e-06
7.1,-0.486532474488,0.0269340779598,0.02858482897,-0.499999499999,3.63776040024e-12,3.63224503386e-06
7.2,-0.486354115948,0.0272907953956,0.0292291730189,-0.499999499999,3.45746000075e-12,3.45304773175e-06
7.3,-0.486176218099,0.0276465914487,0.0298515183744,-0.499999499999,3.25051422201e-12,3.24483793435e-06
7.4,-0.485998760679,0.0280015066441,0.0304474259613,-0.499999499999,3.0165899968e-12,3.01177285333e-06
7.5,-0.485821720364,0.0283555876279,0.0310129447827,-0.499999499999,2.76234866992e-12,2.75850598008e-06
7.6,-0.485645071201,0.0287088863068,0.0315446805057,-0.499999499999,2.4937854517e-12,2.49009417241e-06
7.7,-0.485468785076,0.0290614589106,0.0320398536791,-0.499999499999,2.21545226109e-12,2.21189668759e-06
7.8,-0.485292832208,0.0294133649971,0.0324963467476,-0.499999499999,1.93256715153e-12,1.9294681779e-06
7.9,-0.485117181675,0.0297646664145,0.0329127392162,-0.4999995,1.65290169196e-12,1.6484477845e-06
8,-0.48494180194,0.0301154262368,0.0332883305091,-0.4999995,1.37778815135e-12,1.37444654191e-06
8.1,-0.484766661388,0.0304657076904,0.0336231502543,-0.4999995,1.11577525552e-12,1.11293534655e-06
8.2,-0.484591728866,0.0308155730844,0.0339179559123,-0.4999995,8.73302304472e-13,8.69135716064e-07
8.3,-0.484416974201,0.0311650827633,0.0341742178488,-0.4999995,6.51035432675e-13,6.4791553589e-07
8.4,-0.48424236871,0.0315142940943,0.0343940921316,-0.4999995,4.56635186663e-13,4.5369185786e-07
8.5,-0.484067885679,0.0318632605055,0.0345803815114,-0.4999995,2.92099969879e-13,2.90342706766e-07
8.6,-0.483893500812,0.0322120305888,0.0347364852163,-0.4999995,1.61870678861e-13,1.6112964496e-07
8.7,-0.48371919264,0.0325606472816,0.0348663383667,-0.4999995,6.9833098082e-14,6.86326480093e-08
8.8,-0.483544942885,0.03290914714,0.0349743419776,-0.4999995,1.45439361665e-14,1.46985887906e-08
8.9,-0.483370736771,0.0332575597171,0.0350652846786,-0.4999995,4.44089653939e-16,4.04361877315e-10
9,-0.483196563275,0.0336059070575,0.0351442574327,-0.4999995,2.40918637262e-14,2.60353778536e-08
9.1,-0.483022415318,0.0339542033186,0.0352165626713,-0.4999995,8.90399756148e-14,9.10798658715e-08
9.2,-0.482848289888,0.0343024545271,0.0352876193888,-0.4999995,1.91069573607e-13,1.94239091034e-07
9.3,-0.482674188086,0.034650658479,0.0353628658413,-0.4999995,3.30180657704e-13,3.33453290535e-07
9.4,-0.482500115107,0.0349988047862,0.035447661575,-0.4999995,5.02487443432e-13,5.05942797213e-07
9.5,-0.482326080137,0.0353468750737,0.0355471905579,-0.4999995,7.06546639418e-13,7.082635467e-07
9.6,-0.482152096186,0.0356948433242,0.035666367208,-0.4999995,9.34808721542e-13,9.36375842864e-07
9.7,-0.481978179837,0.0360426763696,0.035809747091,-0.4999995,1.18327688292e-12,1.18572502084e-06
9.8,-0.481804350936,0.0363903345183,0.0359814440042,-0.4999995,1.44884249598e-12,1.4513323936e-06
9.9,-0.481630632214,0.0367377723112,0.0361850550637,-0.4999995,1.72551035038e-12,1.72789465691e-06
10,-0.481457048847,0.0370849393907,0.0364235952767,-0.499999499999,2.00728523581e-12,2.00988978261e-06
10.1,-0.481283627983,0.0374317814658,0.0366994428997,-0.499999499999,2.28850500916e-12,2.29168727595e-06
10.2,-0.481110398212,0.0377782413551,0.0370142966776,-0.499999499999,2.56439570667e-12,2.56766059858e-06
10.3,-0.48093738902,0.0381242600853,0.0373691458089,-0.499999499999,2.82929518525e-12,2.83229950915e-06
10.4,-0.480764630225,0.0384697780211,0.0377642532244,-0.499999499999,3.07831845869e-12,3.08032008411e-06
10.5,-0.480592151406,0.0388147360043,0.0381991524761,-0.499999499999,3.30369395807e-12,3.30677021898e-06
10.6,-0.480419981342,0.039159076476,0.0386726582477,-0.499999499999,3.50342327993e-12,3.50712850139e-06
10.7,-0.480248147472,0.0395027445594,0.0391828902059,-0.499999499999,3.67339859497e-12,3.6773944867e-06
10.8,-0.480076675384,0.0398456890792,0.0397273096306,-0.499999499998,3.80973411873e-12,3.81416857098e-06
10.9,-0.479905588345,0.0401878634996,0.0403027680009,-0.499999499998,3.91220780638e-12,3.91471986561e-06
11,-0.479734906885,0.0405292267598,0.0409055664733,-0.499999499998,3.97582364931e-12,3.97704072341e-06
11.1,-0.479564648438,0.0408697439945,0.0415315249872,-0.499999499998,3.99891631131e-12,3.99988682154e-06
11.2,-0.479394827042,0.0412093871257,0.0421760595553,-0.499999499998,3.98192988205e-12,3.9828020062e-06
11.3,-0.479225453115,0.0415481353183,0.0428342661743,-0.499999499998,3.92353209255e-12,3.92612739941e-06
11.4,-0.479056533296,0.041885975294,0.0435010096925,-0.499999499998,3.82960713075e-12,3.83099458845e-06
11.5,-0.478888070361,0.0422229015022,0.0441710159279,-0.499999499999,3.6974904587e-12,3.69930303279e-06
11.6,-0.478720063206,0.0425589161482,0.0448389653153,-0.499999499999,3.53173399537e-12,3.53368213979e-06
11.7,-0.478552506905,0.0428940290844,0.0454995863865,-0.499999499999,3.33589045798e-12,3.33743876868e-06
11.8,-0.47838539283,0.0432282575696,0.0461477474464,-0.499999499999,3.11273540687e-12,3.11449120316e-06
11.9,-0.478218708828,0.0435616259058,0.0467785448915,-0.499999499999,2.86770894031e-12,2.86929091975e-06
12,-0.478052439466,0.0438941649625,0.0473873867237,-0.499999499999,2.60480786518e-12,2.60673371111e-06
12.1,-0.477886566313,0.0442259116007,0.0479700699416,-0.499999499999,2.33135966077e-12,2.33206193578e-06
12.2,-0.477721068275,0.0445569080077,0.0485228506286,-0.499999499999,2.04902966328e-12,2.05075984439e-06
12.3,-0.477555921966,0.0448872009566,0.0490425057082,-0.499999499999,1.76769886751e-12,1.7684440845e-06
12.4,-0.477391102107,0.045216841004,0.0495263854908,-0.4999995,1.49058692345e-12,1.49075155065e-06
12.5,-0.477226581954,0.0455458816384,0.049972456298,-0.4999995,1.22324495178e-12,1.22322683693e-06
12.6,-0.477062333741,0.0458743783928,0.0503793326063,-0.4999995,9.71113050752e-13,9.71211529865e-07
12.7,-0.476898329134,0.0462023879361,0.0507462983145,-0.4999995,7.4040847553e-13,7.39737550326e-07
12.8,-0.476734539689,0.0465299671532,0.0510733168956,-0.4999995,5.33906786449e-13,5.33426683047e-07
12.9,-0.476570937314,0.0468571722304,0.0513610303494,-0.4999995,3.55493767978e-13,3.56398292656e-07
13,-0.476407494715,0.0471840577547,0.0516107470264,-0.4999995,2.11719742516e-13,2.12187072357e-07
13.1,-0.476244185835,0.0475106758423,0.0518244185446,-0.4999995,1.03250844541e-13,1.03672460616e-07
13.2,-0.476080986266,0.0478370753061,0.0520046061692,-0.4999995,3.16413878432e-14,3.3021152257e-08
13.3,-0.475917873644,0.0481633008753,0.0521544371741,-0.4999995,1.11022413485e-16,1.6438317374e-09
13.4,-0.475754828006,0.0484893924782,0.0522775518464,-0.4999995,8.7707706653e-15,1.01670056818e-08
13.5,-0.475591832109,0.0488153845978,0.0523780419378,-0.4999995,5.89529015605e-14,5.84204937759e-08
13.6,-0.475428871714,0.0491413057136,0.0524603815004,-0.4999995,1.45772428906e-13,1.45440824273e-07
13.7,-0.475265935816,0.0494671778357,0.052529351178,-0.4999995,2.7144980097e-13,2.69490475713e-07
13.8,-0.475103016825,0.0497930161437,0.0525899571396,-0.4999995,4.29101628119e-13,4.28092568727e-07
13.9,-0.474940110692,0.0501188287355,0.0526473459557,-0.4999995,6.20060179313e-13,6.18080325365e-07
14,-0.474777216976,0.050444616494,0.0527067168078,-0.4999995,8.37220020089e-13,8.35660297405e-07
14.1,-0.474614338848,0.0507703730751,0.0527732324999,-0.4999995,1.07847172459e-12,1.07648811465e-06
14.2,-0.474451483038,0.0510960850212,0.0528519307911,-0.4999995,1.33670985836e-12,1.33575522909e-06
14.3,-0.474288659712,0.0514217319993,0.0529476375986,-0.4999995,1.6103801076e-12,1.60828492879e-06
14.4,-0.474125882293,0.0517472871624,0.0530648836168,-0.499999499999,1.89015658958e-12,1.88863569739e-06
14.5,-0.473963167221,0.0520727176305,0.0532078258666,-0.499999499999,2.17370783362e-12,2.17120986967e-06
14.6,-0.473800533659,0.0523979850817,0.0533801756241,-0.499999499999,2.45470556215e-12,2.45036539481e-06
14.7,-0.473638003139,0.0527230464464,0.053585134077,-0.499999499999,2.72482309416e-12,2.7205284896e-06
14.8,-0.473475599179,0.0530478546902,0.0538253369286,-0.499999499999,2.97895339863e-12,2.97630492829e-06
14.9,-0.473313346851,0.0533723596713,0.0541028090019,-0.499999499999,3.21698545314e-12,3.21258774583e-06
15,-0.473151272321,0.0536965090559,0.0544189297116,-0.499999499999,3.42670679221e-12,3.42465920222e-06
15.1,-0.472989402374,0.0540202492739,0.0547744100525,-0.499999499999,3.60911661757e-12,3.60828498125e-06
15.2,-0.472827763925,0.0543435264937,0.055169281527,-0.499999499998,3.76066221197e-12,3.7597987288e-06
15.3,-0.472666383534,0.0546662875985,0.0556028971873,-0.499999499998,3.87756881337e-12,3.87617525766e-06
15.4,-0.472505286923,0.0549884811426,0.056073944724,-0.499999499998,3.95794904073e-12,3.95509094631e-06
15.5,-0.472344498521,0.0553100582695,0.0565804712878,-0.499999499998,3.99725097511e-12,3.99497013337e-06
15.6,-0.47218404103,0.0556309735723,0.0571199194967,-0.499999499998,3.99669586304e-12,3.99501657511e-06
15.7,-0.472023935035,0.0559511858826,0.0576891738622,-0.499999499998,3.95783801832e-12,3.95522934493e-06
15.8,-0.47186419865,0.0562706589706,0.0582846166759,-0.499999499998,3.87734676854e-12,3.87640284871e-06
15.9,-0.471704847222,0.0565893621467,0.0589021922242,-0.499999499998,3.7601070999e-12,3.76011096948e-06
16,-0.471545893077,0.0569072707542,0.0595374780645,-0.499999499999,3.60833946067e-12,3.60867563676e-06
16.1,-0.471387345339,0.0572243665468,0.0601857619887,-0.499999499999,3.42448634394e-12,3.42512047236e-06
16.2,-0.471229209797,0.0575406379474,0.0608421232304,-0.499999499999,3.21321069108e-12,3.21311042062e-06
16.3,-0.471071488835,0.0578560801869,0.0615015164296,-0.499999499999,2.97617783829e-12,2.97687857143e-06
16.4,-0.470914181424,0.0581706953231,0.0621588568671,-0.499999499999,2.71971606314e-12,2.72114164779e-06
16.5,-0.47075728317,0.0584844921453,0.0628091055004,-0.499999499999,2.44826626217e-12,2.45100582497e-06
16.6,-0.470600786415,0.0587974859687,0.0634473523842,-0.499999499999,2.17037716122e-12,2.17186478557e-06
16.7,-0.470444680393,0.0591096983252,0.0640688971285,-0.499999499999,1.88749205166e-12,1.88929202172e-06
16.8,-0.47028895143,0.0594211565609,0.0646693251421,-0.4999995,1.60849272657e-12,1.60892955692e-06
16.9,-0.470133583193,0.0597318933468,0.0652445785118,-0.4999995,1.33548861181e-12,1.33637529021e-06
17,-0.469978556963,0.0600419461163,0.0657910204879,-0.4999995,1.07625127632e-12,1.07707122732e-06
17.1,-0.469823851958,0.0603513564366,0.0663054926709,-0.4999995,8.37220020089e-13,8.36194819387e-07
17.2,-0.469669445667,0.0606601693273,0.0667853641253,-0.4999995,6.18949955178e-13,6.18555584087e-07
17.3,-0.469515314217,0.0609684325358,0.067228571782,-0.4999995,4.28213448811e-13,4.28499075333e-07
17.4,-0.469361432748,0.0612761957813,0.0676336516221,-0.4999995,2.70117532009e-13,2.69820112475e-07
17.5,-0.469207775804,0.0615835099769,0.0679997602726,-0.4999995,1.44440159944e-13,1.45687010233e-07
17.6,-0.469054317725,0.0618904264415,0.0683266867755,-0.4999995,5.70655205312e-14,5.8578312867e-08
17.7,-0.468901033043,0.0621969961118,0.0686148544238,-0.4999995,7.32747929e-15,1.02333075347e-08
17.8,-0.46874789687,0.0625032687637,0.0688653126894,-0.4999995,1.66533620227e-15,1.61729163395e-09
17.9,-0.468594885278,0.0628092922545,0.0690797193923,-0.4999995,3.01980964679e-14,3.29023002177e-08
18,-0.468441975661,0.0631151117938,0.0692603133905,-0.4999995,1.01252441098e-13,1.03463669632e-07
18.1,-0.468289147083,0.0634207692555,0.069409878193,-0.4999995,2.07611913217e-13,2.11892510427e-07
18.2,-0.468136380595,0.0637263025373,0.0695316970197,-0.4999995,3.51274916266e-13,3.56023842407e-07
18.3,-0.467983659527,0.064031744979,0.0696294999554,-0.4999995,5.28355665774e-13,5.32979820056e-07
18.4,-0.467830969745,0.0643371248476,0.0697074039591,-0.4999995,7.36522691058e-13,7.39227197677e-07
18.5,-0.467678299873,0.0646424648974,0.0697698466037,-0.4999995,9.67782378347e-13,9.70647877407e-07
18.6,-0.467525641468,0.0649477820131,0.0698215145278,-0.4999995,1.22002530178e-12,1.22262113988e-06
18.7,-0.467372989156,0.0652530869422,0.0698672676773,-0.4999995,1.48747829587e-12,1.49011590111e-06
18.8,-0.467220340717,0.0655583841246,0.0699120605034,-0.499999499999,1.76392410545e-12,1.76779117456e-06
18.9,-0.467067697122,0.0658636716202,0.0699608613558,-0.499999499999,2.04558796846e-12,2.0501027107e-06
19,-0.466915062514,0.0661689411425,0.070018571366,-0.499999499999,2.32725183147e-12,2.33141369921e-06
19.1,-0.466762444139,0.0664741781959,0.0700899441528,-0.499999499999,2.60280946174e-12,2.60610731573e-06
19.2,-0.466609852231,0.0667793623183,0.0701795076978,-0.499999499999,2.86548849204e-12,2.86869887134e-06
19.3,-0.466457299829,0.0670844674268,0.0702914897265,-0.499999499999,3.11195824998e-12,3.11394532271e-06
19.4,-0.466304802565,0.0673894622611,0.0704297478963,-0.499999499999,3.33544636833e-12,3.33694995613e-06
19.5,-0.466152378388,0.0676943109192,0.0705977060264,-0.499999499999,3.53162297295e-12,3.53326015423e-06
19.6,-0.466000047262,0.0679989734753,0.0707982975141,-0.499999499999,3.6967133018e-12,3.69895629926e-06
19.7,-0.465847830816,0.0683034066714,0.0710339169623,-0.499999499998,3.8283858842e-12,3.83073003096e-06
19.8,-0.46569575197,0.0686075646675,0.0713063808996,-0.499999499998,3.92186675635e-12,3.92595029997e-06
19.9,-0.465543834537,0.0689113998385,0.071616898307,-0.499999499998,3.9790432993e-12,3.98271590107e-06
20,-0.465392102807,0.0692148636014,0.0719660514811,-0.499999499998,3.99747301994e-12,3.99989343003e-06
